[
    {
        "name": "BabyDoge",
        "address": "0xc748673057861a797275cd8a068abb95a902e8de",
        "dex": "PancakeSwap v2",
        "slippage": "15.0",
        "buy_tax": "10.0",
        "sell_tax": "10.0",
        "limit_trade": {
            "sell_multiplier": [
                "101.0",
                "105.0",
                "99.0",
                "0.0"
            ],
            "sell_quantity": [
                "100.0",
                "0.0",
                "100.0",
                "0.0"
            ],
            "order_done": [
                false,
                false,
                false,
                false
            ],
            "buy_at": "0.00085",
            "pay_currency": "BNB",
            "pay_amount": "0.00001",
            "repetition": 0,
            "unit_buy_price": "0",
            "qnt_bought": "0",
            "rep_done": 0
        }
    },
    {
        "name": "Empty",
        "address": "",
        "dex": "PancakeSwap v2",
        "slippage": "5.0",
        "buy_tax": "0.0",
        "sell_tax": "0.0",
        "limit_trade": {
            "sell_multiplier": [
                "120.0",
                "105.0",
                "90.0",
                "0.0"
            ],
            "sell_quantity": [
                "80.0",
                "10.0",
                "100.0",
                "0.0"
            ],
            "order_done": [
                false,
                false,
                false,
                false
            ],
            "buy_at": "0.001",
            "pay_currency": "BNB",
            "pay_amount": "0.00001",
            "repetition": 0,
            "unit_buy_price": "0",
            "qnt_bought": "0",
            "rep_done": 0
        }
    }
]