{
  "ROUTER": "0xD2243FBDf88eEB6A3b147e4d73E3bA29f90dD4Dd",
  "ROUTER_ABI": [
    {
      "inputs": [
        {
          "internalType": "address",
          "name": "_factory",
          "type": "address"
        },
        {
          "internalType": "address",
          "name": "_WETH",
          "type": "address"
        }
      ],
      "stateMutability": "nonpayable",
      "type": "constructor"
    },
    {
      "anonymous": false,
      "inputs": [
        {
          "indexed": true,
          "internalType": "address",
          "name": "previousOwner",
          "type": "address"
        },
        {
          "indexed": true,
          "internalType": "address",
          "name": "newOwner",
          "type": "address"
        }
      ],
      "name": "OwnershipTransferred",
      "type": "event"
    },
    {
      "anonymous": false,
      "inputs": [
        {
          "indexed": true,
          "internalType": "address",
          "name": "sender",
          "type": "address"
        },
        {
          "indexed": false,
          "internalType": "uint256",
          "name": "amount0In",
          "type": "uint256"
        },
        {
          "indexed": false,
          "internalType": "uint256",
          "name": "amount1In",
          "type": "uint256"
        },
        {
          "indexed": false,
          "internalType": "uint256",
          "name": "amount0Out",
          "type": "uint256"
        },
        {
          "indexed": false,
          "internalType": "uint256",
          "name": "amount1Out",
          "type": "uint256"
        },
        {
          "indexed": true,
          "internalType": "address",
          "name": "to",
          "type": "address"
        },
        {
          "indexed": true,
          "internalType": "address",
          "name": "pair",
          "type": "address"
        }
      ],
      "name": "RouterSwap",
      "type": "event"
    },
    {
      "anonymous": false,
      "inputs": [
        {
          "indexed": true,
          "internalType": "address",
          "name": "to",
          "type": "address"
        },
        {
          "indexed": false,
          "internalType": "uint256",
          "name": "amount",
          "type": "uint256"
        }
      ],
      "name": "SafeTransferETH",
      "type": "event"
    },
    {
      "inputs": [],
      "name": "WETH",
      "outputs": [
        {
          "internalType": "address",
          "name": "",
          "type": "address"
        }
      ],
      "stateMutability": "view",
      "type": "function"
    },
    {
      "inputs": [
        {
          "internalType": "address",
          "name": "tokenA",
          "type": "address"
        },
        {
          "internalType": "address",
          "name": "tokenB",
          "type": "address"
        },
        {
          "internalType": "uint256",
          "name": "amountADesired",
          "type": "uint256"
        },
        {
          "internalType": "uint256",
          "name": "amountBDesired",
          "type": "uint256"
        },
        {
          "internalType": "uint256",
          "name": "amountAMin",
          "type": "uint256"
        },
        {
          "internalType": "uint256",
          "name": "amountBMin",
          "type": "uint256"
        },
        {
          "internalType": "address",
          "name": "to",
          "type": "address"
        },
        {
          "internalType": "uint256",
          "name": "deadline",
          "type": "uint256"
        }
      ],
      "name": "addLiquidity",
      "outputs": [
        {
          "internalType": "uint256",
          "name": "amountA",
          "type": "uint256"
        },
        {
          "internalType": "uint256",
          "name": "amountB",
          "type": "uint256"
        },
        {
          "internalType": "uint256",
          "name": "liquidity",
          "type": "uint256"
        }
      ],
      "stateMutability": "nonpayable",
      "type": "function"
    },
    {
      "inputs": [
        {
          "internalType": "address",
          "name": "token",
          "type": "address"
        },
        {
          "internalType": "uint256",
          "name": "amountTokenDesired",
          "type": "uint256"
        },
        {
          "internalType": "uint256",
          "name": "amountTokenMin",
          "type": "uint256"
        },
        {
          "internalType": "uint256",
          "name": "amountETHMin",
          "type": "uint256"
        },
        {
          "internalType": "address",
          "name": "to",
          "type": "address"
        },
        {
          "internalType": "uint256",
          "name": "deadline",
          "type": "uint256"
        }
      ],
      "name": "addLiquidityETH",
      "outputs": [
        {
          "internalType": "uint256",
          "name": "amountToken",
          "type": "uint256"
        },
        {
          "internalType": "uint256",
          "name": "amountETH",
          "type": "uint256"
        },
        {
          "internalType": "uint256",
          "name": "liquidity",
          "type": "uint256"
        }
      ],
      "stateMutability": "payable",
      "type": "function"
    },
    {
      "inputs": [],
      "name": "factory",
      "outputs": [
        {
          "internalType": "address",
          "name": "",
          "type": "address"
        }
      ],
      "stateMutability": "view",
      "type": "function"
    },
    {
      "inputs": [
        {
          "internalType": "uint256",
          "name": "amountOut",
          "type": "uint256"
        },
        {
          "internalType": "uint256",
          "name": "reserveIn",
          "type": "uint256"
        },
        {
          "internalType": "uint256",
          "name": "reserveOut",
          "type": "uint256"
        },
        {
          "internalType": "uint256",
          "name": "swapFee",
          "type": "uint256"
        }
      ],
      "name": "getAmountIn",
      "outputs": [
        {
          "internalType": "uint256",
          "name": "amountIn",
          "type": "uint256"
        }
      ],
      "stateMutability": "pure",
      "type": "function"
    },
    {
      "inputs": [
        {
          "internalType": "uint256",
          "name": "amountIn",
          "type": "uint256"
        },
        {
          "internalType": "uint256",
          "name": "reserveIn",
          "type": "uint256"
        },
        {
          "internalType": "uint256",
          "name": "reserveOut",
          "type": "uint256"
        },
        {
          "internalType": "uint256",
          "name": "swapFee",
          "type": "uint256"
        }
      ],
      "name": "getAmountOut",
      "outputs": [
        {
          "internalType": "uint256",
          "name": "amountOut",
          "type": "uint256"
        }
      ],
      "stateMutability": "pure",
      "type": "function"
    },
    {
      "inputs": [
        {
          "internalType": "uint256",
          "name": "amountOut",
          "type": "uint256"
        },
        {
          "internalType": "address[]",
          "name": "path",
          "type": "address[]"
        }
      ],
      "name": "getAmountsIn",
      "outputs": [
        {
          "internalType": "uint256[]",
          "name": "amounts",
          "type": "uint256[]"
        }
      ],
      "stateMutability": "view",
      "type": "function"
    },
    {
      "inputs": [
        {
          "internalType": "uint256",
          "name": "amountIn",
          "type": "uint256"
        },
        {
          "internalType": "address[]",
          "name": "path",
          "type": "address[]"
        }
      ],
      "name": "getAmountsOut",
      "outputs": [
        {
          "internalType": "uint256[]",
          "name": "amounts",
          "type": "uint256[]"
        }
      ],
      "stateMutability": "view",
      "type": "function"
    },
    {
      "inputs": [
        {
          "internalType": "address",
          "name": "account",
          "type": "address"
        }
      ],
      "name": "isOwner",
      "outputs": [
        {
          "internalType": "bool",
          "name": "",
          "type": "bool"
        }
      ],
      "stateMutability": "view",
      "type": "function"
    },
    {
      "inputs": [],
      "name": "owner",
      "outputs": [
        {
          "internalType": "address",
          "name": "",
          "type": "address"
        }
      ],
      "stateMutability": "view",
      "type": "function"
    },
    {
      "inputs": [
        {
          "internalType": "uint256",
          "name": "amountA",
          "type": "uint256"
        },
        {
          "internalType": "uint256",
          "name": "reserveA",
          "type": "uint256"
        },
        {
          "internalType": "uint256",
          "name": "reserveB",
          "type": "uint256"
        }
      ],
      "name": "quote",
      "outputs": [
        {
          "internalType": "uint256",
          "name": "amountB",
          "type": "uint256"
        }
      ],
      "stateMutability": "pure",
      "type": "function"
    },
    {
      "inputs": [
        {
          "internalType": "address",
          "name": "tokenA",
          "type": "address"
        },
        {
          "internalType": "address",
          "name": "tokenB",
          "type": "address"
        },
        {
          "internalType": "uint256",
          "name": "liquidity",
          "type": "uint256"
        },
        {
          "internalType": "uint256",
          "name": "amountAMin",
          "type": "uint256"
        },
        {
          "internalType": "uint256",
          "name": "amountBMin",
          "type": "uint256"
        },
        {
          "internalType": "address",
          "name": "to",
          "type": "address"
        },
        {
          "internalType": "uint256",
          "name": "deadline",
          "type": "uint256"
        }
      ],
      "name": "removeLiquidity",
      "outputs": [
        {
          "internalType": "uint256",
          "name": "amountA",
          "type": "uint256"
        },
        {
          "internalType": "uint256",
          "name": "amountB",
          "type": "uint256"
        }
      ],
      "stateMutability": "nonpayable",
      "type": "function"
    },
    {
      "inputs": [
        {
          "internalType": "address",
          "name": "token",
          "type": "address"
        },
        {
          "internalType": "uint256",
          "name": "liquidity",
          "type": "uint256"
        },
        {
          "internalType": "uint256",
          "name": "amountTokenMin",
          "type": "uint256"
        },
        {
          "internalType": "uint256",
          "name": "amountETHMin",
          "type": "uint256"
        },
        {
          "internalType": "address",
          "name": "to",
          "type": "address"
        },
        {
          "internalType": "uint256",
          "name": "deadline",
          "type": "uint256"
        }
      ],
      "name": "removeLiquidityETH",
      "outputs": [
        {
          "internalType": "uint256",
          "name": "amountToken",
          "type": "uint256"
        },
        {
          "internalType": "uint256",
          "name": "amountETH",
          "type": "uint256"
        }
      ],
      "stateMutability": "nonpayable",
      "type": "function"
    },
    {
      "inputs": [
        {
          "internalType": "address",
          "name": "token",
          "type": "address"
        },
        {
          "internalType": "uint256",
          "name": "liquidity",
          "type": "uint256"
        },
        {
          "internalType": "uint256",
          "name": "amountTokenMin",
          "type": "uint256"
        },
        {
          "internalType": "uint256",
          "name": "amountETHMin",
          "type": "uint256"
        },
        {
          "internalType": "address",
          "name": "to",
          "type": "address"
        },
        {
          "internalType": "uint256",
          "name": "deadline",
          "type": "uint256"
        }
      ],
      "name": "removeLiquidityETHSupportingFeeOnTransferTokens",
      "outputs": [
        {
          "internalType": "uint256",
          "name": "amountETH",
          "type": "uint256"
        }
      ],
      "stateMutability": "nonpayable",
      "type": "function"
    },
    {
      "inputs": [
        {
          "internalType": "address",
          "name": "token",
          "type": "address"
        },
        {
          "internalType": "uint256",
          "name": "liquidity",
          "type": "uint256"
        },
        {
          "internalType": "uint256",
          "name": "amountTokenMin",
          "type": "uint256"
        },
        {
          "internalType": "uint256",
          "name": "amountETHMin",
          "type": "uint256"
        },
        {
          "internalType": "address",
          "name": "to",
          "type": "address"
        },
        {
          "internalType": "uint256",
          "name": "deadline",
          "type": "uint256"
        },
        {
          "internalType": "bool",
          "name": "approveMax",
          "type": "bool"
        },
        {
          "internalType": "uint8",
          "name": "v",
          "type": "uint8"
        },
        {
          "internalType": "bytes32",
          "name": "r",
          "type": "bytes32"
        },
        {
          "internalType": "bytes32",
          "name": "s",
          "type": "bytes32"
        }
      ],
      "name": "removeLiquidityETHWithPermit",
      "outputs": [
        {
          "internalType": "uint256",
          "name": "amountToken",
          "type": "uint256"
        },
        {
          "internalType": "uint256",
          "name": "amountETH",
          "type": "uint256"
        }
      ],
      "stateMutability": "nonpayable",
      "type": "function"
    },
    {
      "inputs": [
        {
          "internalType": "address",
          "name": "token",
          "type": "address"
        },
        {
          "internalType": "uint256",
          "name": "liquidity",
          "type": "uint256"
        },
        {
          "internalType": "uint256",
          "name": "amountTokenMin",
          "type": "uint256"
        },
        {
          "internalType": "uint256",
          "name": "amountETHMin",
          "type": "uint256"
        },
        {
          "internalType": "address",
          "name": "to",
          "type": "address"
        },
        {
          "internalType": "uint256",
          "name": "deadline",
          "type": "uint256"
        },
        {
          "internalType": "bool",
          "name": "approveMax",
          "type": "bool"
        },
        {
          "internalType": "uint8",
          "name": "v",
          "type": "uint8"
        },
        {
          "internalType": "bytes32",
          "name": "r",
          "type": "bytes32"
        },
        {
          "internalType": "bytes32",
          "name": "s",
          "type": "bytes32"
        }
      ],
      "name": "removeLiquidityETHWithPermitSupportingFeeOnTransferTokens",
      "outputs": [
        {
          "internalType": "uint256",
          "name": "amountETH",
          "type": "uint256"
        }
      ],
      "stateMutability": "nonpayable",
      "type": "function"
    },
    {
      "inputs": [
        {
          "internalType": "address",
          "name": "tokenA",
          "type": "address"
        },
        {
          "internalType": "address",
          "name": "tokenB",
          "type": "address"
        },
        {
          "internalType": "uint256",
          "name": "liquidity",
          "type": "uint256"
        },
        {
          "internalType": "uint256",
          "name": "amountAMin",
          "type": "uint256"
        },
        {
          "internalType": "uint256",
          "name": "amountBMin",
          "type": "uint256"
        },
        {
          "internalType": "address",
          "name": "to",
          "type": "address"
        },
        {
          "internalType": "uint256",
          "name": "deadline",
          "type": "uint256"
        },
        {
          "internalType": "bool",
          "name": "approveMax",
          "type": "bool"
        },
        {
          "internalType": "uint8",
          "name": "v",
          "type": "uint8"
        },
        {
          "internalType": "bytes32",
          "name": "r",
          "type": "bytes32"
        },
        {
          "internalType": "bytes32",
          "name": "s",
          "type": "bytes32"
        }
      ],
      "name": "removeLiquidityWithPermit",
      "outputs": [
        {
          "internalType": "uint256",
          "name": "amountA",
          "type": "uint256"
        },
        {
          "internalType": "uint256",
          "name": "amountB",
          "type": "uint256"
        }
      ],
      "stateMutability": "nonpayable",
      "type": "function"
    },
    {
      "inputs": [],
      "name": "renounceOwnership",
      "outputs": [],
      "stateMutability": "nonpayable",
      "type": "function"
    },
    {
      "inputs": [
        {
          "internalType": "address",
          "name": "_swapFeeReward",
          "type": "address"
        }
      ],
      "name": "setSwapFeeReward",
      "outputs": [],
      "stateMutability": "nonpayable",
      "type": "function"
    },
    {
      "inputs": [
        {
          "internalType": "uint256",
          "name": "amountOut",
          "type": "uint256"
        },
        {
          "internalType": "address[]",
          "name": "path",
          "type": "address[]"
        },
        {
          "internalType": "address",
          "name": "to",
          "type": "address"
        },
        {
          "internalType": "uint256",
          "name": "deadline",
          "type": "uint256"
        }
      ],
      "name": "swapETHForExactTokens",
      "outputs": [
        {
          "internalType": "uint256[]",
          "name": "amounts",
          "type": "uint256[]"
        }
      ],
      "stateMutability": "payable",
      "type": "function"
    },
    {
      "inputs": [
        {
          "internalType": "uint256",
          "name": "amountOutMin",
          "type": "uint256"
        },
        {
          "internalType": "address[]",
          "name": "path",
          "type": "address[]"
        },
        {
          "internalType": "address",
          "name": "to",
          "type": "address"
        },
        {
          "internalType": "uint256",
          "name": "deadline",
          "type": "uint256"
        }
      ],
      "name": "swapExactETHForTokens",
      "outputs": [
        {
          "internalType": "uint256[]",
          "name": "amounts",
          "type": "uint256[]"
        }
      ],
      "stateMutability": "payable",
      "type": "function"
    },
    {
      "inputs": [
        {
          "internalType": "uint256",
          "name": "amountOutMin",
          "type": "uint256"
        },
        {
          "internalType": "address[]",
          "name": "path",
          "type": "address[]"
        },
        {
          "internalType": "address",
          "name": "to",
          "type": "address"
        },
        {
          "internalType": "uint256",
          "name": "deadline",
          "type": "uint256"
        }
      ],
      "name": "swapExactETHForTokensSupportingFeeOnTransferTokens",
      "outputs": [],
      "stateMutability": "payable",
      "type": "function"
    },
    {
      "inputs": [
        {
          "internalType": "uint256",
          "name": "amountIn",
          "type": "uint256"
        },
        {
          "internalType": "uint256",
          "name": "amountOutMin",
          "type": "uint256"
        },
        {
          "internalType": "address[]",
          "name": "path",
          "type": "address[]"
        },
        {
          "internalType": "address",
          "name": "to",
          "type": "address"
        },
        {
          "internalType": "uint256",
          "name": "deadline",
          "type": "uint256"
        }
      ],
      "name": "swapExactTokensForETH",
      "outputs": [
        {
          "internalType": "uint256[]",
          "name": "amounts",
          "type": "uint256[]"
        }
      ],
      "stateMutability": "nonpayable",
      "type": "function"
    },
    {
      "inputs": [
        {
          "internalType": "uint256",
          "name": "amountIn",
          "type": "uint256"
        },
        {
          "internalType": "uint256",
          "name": "amountOutMin",
          "type": "uint256"
        },
        {
          "internalType": "address[]",
          "name": "path",
          "type": "address[]"
        },
        {
          "internalType": "address",
          "name": "to",
          "type": "address"
        },
        {
          "internalType": "uint256",
          "name": "deadline",
          "type": "uint256"
        }
      ],
      "name": "swapExactTokensForETHSupportingFeeOnTransferTokens",
      "outputs": [],
      "stateMutability": "nonpayable",
      "type": "function"
    },
    {
      "inputs": [
        {
          "internalType": "uint256",
          "name": "amountIn",
          "type": "uint256"
        },
        {
          "internalType": "uint256",
          "name": "amountOutMin",
          "type": "uint256"
        },
        {
          "internalType": "address[]",
          "name": "path",
          "type": "address[]"
        },
        {
          "internalType": "address",
          "name": "to",
          "type": "address"
        },
        {
          "internalType": "uint256",
          "name": "deadline",
          "type": "uint256"
        }
      ],
      "name": "swapExactTokensForTokens",
      "outputs": [
        {
          "internalType": "uint256[]",
          "name": "amounts",
          "type": "uint256[]"
        }
      ],
      "stateMutability": "nonpayable",
      "type": "function"
    },
    {
      "inputs": [
        {
          "internalType": "uint256",
          "name": "amountIn",
          "type": "uint256"
        },
        {
          "internalType": "uint256",
          "name": "amountOutMin",
          "type": "uint256"
        },
        {
          "internalType": "address[]",
          "name": "path",
          "type": "address[]"
        },
        {
          "internalType": "address",
          "name": "to",
          "type": "address"
        },
        {
          "internalType": "uint256",
          "name": "deadline",
          "type": "uint256"
        }
      ],
      "name": "swapExactTokensForTokensSupportingFeeOnTransferTokens",
      "outputs": [],
      "stateMutability": "nonpayable",
      "type": "function"
    },
    {
      "inputs": [],
      "name": "swapFeeReward",
      "outputs": [
        {
          "internalType": "address",
          "name": "",
          "type": "address"
        }
      ],
      "stateMutability": "view",
      "type": "function"
    },
    {
      "inputs": [
        {
          "internalType": "uint256",
          "name": "amountOut",
          "type": "uint256"
        },
        {
          "internalType": "uint256",
          "name": "amountInMax",
          "type": "uint256"
        },
        {
          "internalType": "address[]",
          "name": "path",
          "type": "address[]"
        },
        {
          "internalType": "address",
          "name": "to",
          "type": "address"
        },
        {
          "internalType": "uint256",
          "name": "deadline",
          "type": "uint256"
        }
      ],
      "name": "swapTokensForExactETH",
      "outputs": [
        {
          "internalType": "uint256[]",
          "name": "amounts",
          "type": "uint256[]"
        }
      ],
      "stateMutability": "nonpayable",
      "type": "function"
    },
    {
      "inputs": [
        {
          "internalType": "uint256",
          "name": "amountOut",
          "type": "uint256"
        },
        {
          "internalType": "uint256",
          "name": "amountInMax",
          "type": "uint256"
        },
        {
          "internalType": "address[]",
          "name": "path",
          "type": "address[]"
        },
        {
          "internalType": "address",
          "name": "to",
          "type": "address"
        },
        {
          "internalType": "uint256",
          "name": "deadline",
          "type": "uint256"
        }
      ],
      "name": "swapTokensForExactTokens",
      "outputs": [
        {
          "internalType": "uint256[]",
          "name": "amounts",
          "type": "uint256[]"
        }
      ],
      "stateMutability": "nonpayable",
      "type": "function"
    },
    {
      "inputs": [
        {
          "internalType": "address",
          "name": "newOwner",
          "type": "address"
        }
      ],
      "name": "transferOwnership",
      "outputs": [],
      "stateMutability": "nonpayable",
      "type": "function"
    },
    {
      "stateMutability": "payable",
      "type": "receive"
    }
  ],
  "FACTORY": "0xcdafc63de847bbfb7e6b56b21aad12f8f6d877be",
  "FACTORY_ABI": [
    {
      "inputs": [
        {
          "internalType": "address",
          "name": "_feeToSetter",
          "type": "address"
        }
      ],
      "payable": false,
      "stateMutability": "nonpayable",
      "type": "constructor"
    },
    {
      "anonymous": false,
      "inputs": [
        {
          "indexed": true,
          "internalType": "address",
          "name": "token0",
          "type": "address"
        },
        {
          "indexed": true,
          "internalType": "address",
          "name": "token1",
          "type": "address"
        },
        {
          "indexed": false,
          "internalType": "address",
          "name": "pair",
          "type": "address"
        },
        {
          "indexed": false,
          "internalType": "uint256",
          "name": "",
          "type": "uint256"
        }
      ],
      "name": "PairCreated",
      "type": "event"
    },
    {
      "constant": true,
      "inputs": [],
      "name": "INIT_CODE_HASH",
      "outputs": [
        {
          "internalType": "bytes32",
          "name": "",
          "type": "bytes32"
        }
      ],
      "payable": false,
      "stateMutability": "view",
      "type": "function"
    },
    {
      "constant": true,
      "inputs": [
        {
          "internalType": "uint256",
          "name": "",
          "type": "uint256"
        }
      ],
      "name": "allPairs",
      "outputs": [
        {
          "internalType": "address",
          "name": "",
          "type": "address"
        }
      ],
      "payable": false,
      "stateMutability": "view",
      "type": "function"
    },
    {
      "constant": true,
      "inputs": [],
      "name": "allPairsLength",
      "outputs": [
        {
          "internalType": "uint256",
          "name": "",
          "type": "uint256"
        }
      ],
      "payable": false,
      "stateMutability": "view",
      "type": "function"
    },
    {
      "constant": false,
      "inputs": [
        {
          "internalType": "address",
          "name": "tokenA",
          "type": "address"
        },
        {
          "internalType": "address",
          "name": "tokenB",
          "type": "address"
        }
      ],
      "name": "createPair",
      "outputs": [
        {
          "internalType": "address",
          "name": "pair",
          "type": "address"
        }
      ],
      "payable": false,
      "stateMutability": "nonpayable",
      "type": "function"
    },
    {
      "constant": true,
      "inputs": [],
      "name": "feeToSetter",
      "outputs": [
        {
          "internalType": "address",
          "name": "",
          "type": "address"
        }
      ],
      "payable": false,
      "stateMutability": "view",
      "type": "function"
    },
    {
      "constant": true,
      "inputs": [
        {
          "internalType": "address",
          "name": "",
          "type": "address"
        },
        {
          "internalType": "address",
          "name": "",
          "type": "address"
        }
      ],
      "name": "getPair",
      "outputs": [
        {
          "internalType": "address",
          "name": "",
          "type": "address"
        }
      ],
      "payable": false,
      "stateMutability": "view",
      "type": "function"
    },
    {
      "constant": true,
      "inputs": [],
      "name": "owner",
      "outputs": [
        {
          "internalType": "address",
          "name": "",
          "type": "address"
        }
      ],
      "payable": false,
      "stateMutability": "view",
      "type": "function"
    },
    {
      "constant": false,
      "inputs": [
        {
          "internalType": "address",
          "name": "_pair",
          "type": "address"
        },
        {
          "internalType": "uint8",
          "name": "_devFee",
          "type": "uint8"
        }
      ],
      "name": "setDevFee",
      "outputs": [],
      "payable": false,
      "stateMutability": "nonpayable",
      "type": "function"
    },
    {
      "constant": false,
      "inputs": [
        {
          "internalType": "address",
          "name": "_pair",
          "type": "address"
        },
        {
          "internalType": "address",
          "name": "_feeTo",
          "type": "address"
        }
      ],
      "name": "setFeeTo",
      "outputs": [],
      "payable": false,
      "stateMutability": "nonpayable",
      "type": "function"
    },
    {
      "constant": false,
      "inputs": [
        {
          "internalType": "address",
          "name": "_feeToSetter",
          "type": "address"
        }
      ],
      "name": "setFeeToSetter",
      "outputs": [],
      "payable": false,
      "stateMutability": "nonpayable",
      "type": "function"
    },
    {
      "constant": false,
      "inputs": [
        {
          "internalType": "address",
          "name": "_pair",
          "type": "address"
        },
        {
          "internalType": "uint256",
          "name": "_ndev",
          "type": "uint256"
        },
        {
          "internalType": "uint256",
          "name": "_ddev",
          "type": "uint256"
        }
      ],
      "name": "setPercent",
      "outputs": [],
      "payable": false,
      "stateMutability": "nonpayable",
      "type": "function"
    },
    {
      "constant": false,
      "inputs": [
        {
          "internalType": "address",
          "name": "_pair",
          "type": "address"
        },
        {
          "internalType": "uint32",
          "name": "_swapFee",
          "type": "uint32"
        }
      ],
      "name": "setSwapFee",
      "outputs": [],
      "payable": false,
      "stateMutability": "nonpayable",
      "type": "function"
    },
    {
      "constant": false,
      "inputs": [
        {
          "internalType": "address",
          "name": "_newOwner",
          "type": "address"
        }
      ],
      "name": "transferOwnership",
      "outputs": [],
      "payable": false,
      "stateMutability": "nonpayable",
      "type": "function"
    }
  ],
  "FEE": "4"
}












